5fda3ad9a2d3488f806913ef1fdd68e2b0cb71138f2c44b89afcc6815df2aacb	.github/workflows/deploy-pages.yml
946641fecf216da5179741fe3c219076617c2f189d113789346a1a9fe9071e02	.gitignore
e3b0c44298fc1c149afbf4c8996fb92427ae41e4649b934ca495991b7852b855	.nojekyll
ab3ee4815d20edf3a9299dd62c2518a83aceec9aa5c694a8d4992020bb440cd0	404.html
d7e1968c9f989f4b833270ab90ecb6e3ddbc5d4721e8a994e0e35c0b068395ba	PUBLIC_DATA_CONTRACT.md
b8ab0c21d638bc2c084a3271d6b52a6b050c9fdb529c3086dc036a9c8755c993	PUBLIC_RELEASE_MANIFEST.json
2c80c025f922f3632d2e249a956bdcdc5299b012b75203f6854027ecb2488070	README.md
a30bc47d60d09256c547cedc5ebcd34ad012393ecd094337df00b25302d3474e	about.html
fce24a091ca7d668c363fbb2993dc5f4fcc4bc5b2c02980e76c3166c19d8c203	app.js
87cac33d36ba163b8a73e0d20ddfdbbc65531d3dad292203219333cd67fbae65	common.js
0dcd3b9f9ed9629912d1ee2b98cd8616e6848ce874ae89b74e82914aeb802075	config.js
fd84f4bfee31171e2e146088d65a66b87eeab8437608261ffb457efb3a0f59a3	data/dupb-multiclass-explorer.json
fdc2ae0454a00f36457348ddec5aadb7ef964faea4706f761155cd6aac324633	data/dupb-multiclass-explorer.jsonl
439fe626694da0b9c45b35672e9efd6f135f12ce6f2c960cb9a8a6b03b804df4	data/entries.js
873f13f9a5f76d995a1c37ff9367f966b8fe28ec51b6d6fcdb0832e9c0c3c07c	data/metadata.json
fb9d28f23ff0febb87851067040d3fe66c930f002056ddcb867f6054ae4b043d	data/release-info.js
ed03e954d73a10cf3da06ab0913f73ddf60156c848eaa4950ec150c739f6129d	data/release-info.json
fa8fbe60ccf09d41b315267fe67e7dc75f052270f4f970249df4f16b33d90079	download.html
df6ff37bec14604a95e21f25abf26513f3ad8a16cff1ed2c8b7b27db08d436d2	favicon.svg
1dd70da1974a577d6494058a64be0aaa3ce09685e8fe78f2fca0dfd6ae740812	index.html
bc631d4b2d770adfaccfaa255af2cf8af825797e7c0aaf53806370c443c59c45	resource-nav.js
e2b2b92b38df708483afa629b63efc6f568905fc4971c4612b465a6d6ac024a6	resource.css
cde3de826b3f4d271992e7d38a7b5233456feb8c72f6eb6f4da0dac628e4144e	stats.html
013430e5b8f83d53ee2cbe82f3e9eff983118e8ad8af07600857806e958f2127	stats.js
7aac4d8c63f4bedc0832583eecfbbc58d964c1bff6e6d0bb19f37b03487d2ccb	styles.css
c550e7f60192d2ce4667ce9314f38e0ca0343a78c2399e9520ae425f7a8a1635	theme.js
